Country,S&P,Moody's,DBRS
Australia,AAA,Aaa,AAA
Canada,AAA,Aaa,AAA
Denmark,AAA,Aaa,AAA
Germany,AAA,Aaa,AAA
Liechtenstein,AAA,,
Luxembourg,AAA,Aaa,AAA
Netherlands,AAA,Aaa,AAA
Switzerland,AAA,Aaa,AAA
Norway,AAA,Aaa,AAA
Sweden,AAA,Aaa,AAA
European Union,AA,Aaa,AAA
Singapore,AAA,Aaa,AAA
United States,AA+,Aaa,AAA
Austria,AA+,Aa1,AAA
Finland,AA+,Aa1,AA (high)
New Zealand,AA+,Aaa,
Taiwan,AA+,Aa3,
United Arab Emirates,AA,Aa2,
France,AA-,Aa3,AA (high)
Hong Kong,AA+,Aa3,
Ireland,AA,Aa3,AA
Qatar,AA,Aa2,
Belgium,AA,Aa3,AA
Isle of Man,N/A,Aa3,
Macau,,Aa3,
United Kingdom,AA,Aa3,AA
South Korea,AA,Aa2,
Cayman Islands,,Aa3,
Czech Republic,AA-,Aa3,
Kuwait,A+,A1,
Estonia,NR,A1,AA (low)
Saudi Arabia,A+,Aa3,
Bermuda,A+,A2,A
China,A+,A1,A
Japan,A+,A1,A (high)
Iceland,A+,A1,
Lithuania,A,A2,A (high)
Slovenia,AA-,A3,A (high)
Malta,A-,A2,A (high)
Slovakia,A+,A3,A
Chile,A,A2,N/A
Israel,A,Baa1,
Latvia,A,A3,A
Poland,A-,A2,A
Portugal,A,A3,A (high)
Spain,A,Baa1,A (high)
Malaysia,A-,A3,
Botswana,BBB+,A3,
Cyprus,A-,A3,A (low)
Andorra,A-,Baa1,
Croatia,A-,A3,
Thailand,BBB+,Baa1,
Italy,BBB+,Baa3,BBB (high)
Bulgaria,BBB,Baa1,
Philippines,BBB+,Baa2,
Uruguay,BBB+,Baa1,BBB
Indonesia,BBB,Baa2,
Peru,BBB-,Baa1,N/A
Hungary,BBB-,Baa2,
Kazakhstan,BBB-,Baa1,
Mexico,BBB,Baa2,BBB
Aruba,BBB+,,
India,BBB-,Baa3,BBB (low)
Colombia,BB+,Baa2,BBB (low)
Greece,BBB-,Baa3,BBB
Mauritius,BBB-,Baa3,
Montserrat,BBB-,,
Romania,BBB-,Baa3,
Panama,BBB-,Baa3,
Oman,BBB-,Ba1,
Paraguay,BB+,Baa3,
Azerbaijan,BB+,Ba1,
Morocco,BB+,Ba1,
San Marino,BBB-,,BBB (low)
Trinidad and Tobago,BBB-,Ba2,
Serbia,BBB-,Ba2,
Guatemala,BB,Ba1,
Vietnam,BB+,Ba2,
Brazil,BB,Ba1,BB
Georgia,BB,Ba2,
Macedonia,BB-,,
Costa Rica,BB-,Ba3,
Dominican Republic,BB,Ba3,
Ivory Coast,BB,Ba2,
South Africa,BB-,Ba2,
Albania,BB,Ba3,
Seychelles,,,
Uzbekistan,BB-,Ba3,
Armenia,BB-,Ba3,
Jamaica,BB-,B1,
Jordan,BB-,Ba3,
Honduras,BB-,B1,
Namibia,,B1,
Benin,BB-,B1,
Turkey,BB-,B1,BB (high)
Bahamas,B+,B1,
Bangladesh,B+,B2,
Fiji,B+,B1,
Montenegro,B+,Ba3,
Turkmenistan,,,
Bahrain,B+,B2,
Rwanda,B+,B2,
Tanzania,,B1,
Mongolia,B+,B2,
Cambodia,N/A,B2,
Lesotho,,,
Nicaragua,B+,B2,
Senegal,B,B3,
Zambia,SD,Caa2,
Barbados,B,B3,
Uganda,B-,B3,
Bosnia and Herzegovina,B+,B3,
Cape Verde,B,,
Kyrgyzstan,B+,B3,
Papua New Guinea,B-,B2,
Tajikistan,B,B3,
Togo,B,B3,
Angola,B-,B3,
Chad,B-,,
Madagascar,B-,,
Moldova,,B3,
Solomon Islands,,Caa1,
St Vincent and the Grenadines,,B3,
Swaziland,,B2,
Cameroon,B-,Caa1,
Egypt,B-,Caa1,
Gabon,N/A,Caa2,
Iraq,B-,Caa1,
Kenya,B-,Caa1,
Nigeria,B-,Caa1,
Congo,B-,B3,
Maldives,,Caa2,
El Salvador,B-,Caa1,
Tunisia,N/A,Caa1,
Belize,B-,Caa1,
Burkina Faso,CCC+,,
Ecuador,B-,Caa3,
Mozambique,CCC+,Caa2,
Republic of the Congo,CCC+,Caa2,
Bolivia,CCC+,Caa3,
Pakistan,CCC+,Caa2,
Suriname,CCC+,Caa1,
Ethiopia,SD,Caa3,
Laos,,Caa3,
Mali,,Caa2,
Niger,,Caa3,
Russia,NR,NR,
Argentina,CCC,Caa3,B (low)
Belarus,NR,C,
Ghana,SD,Caa2,
Sri Lanka,SD,Caa1,
Ukraine,SD,Ca,
Venezuela,N/A,C,
Lebanon,D,C,
Cuba,,N/A,
Puerto Rico,D,,
Grenada,SD,,
Kosovo,,,
Nepal,,,